iteration,total_ns,layout_ns,raster_ns,backend_ns,probe_ns,convert_ns,upload_ns,commit_ns,upload_bytes
1,5410770,69572,3624958,1342598,4714,744521,305134,284302,38664
2,4401362,138778,2708240,1270579,4558,694660,296191,272517,38664
3,5767267,69004,3899006,1512603,4309,907062,313611,284421,38664
4,6116436,77031,4268953,1419101,5179,858655,241348,309827,38664
5,6070444,90209,4172982,1435663,5762,753421,323178,349594,38664
6,5232397,79668,3527498,1320086,4035,733990,283973,294498,38664
7,4599981,66358,3031332,1193940,4684,691421,226797,268397,38664
8,4873974,67217,3178579,1317688,4724,769775,284653,255316,38664
9,5229350,59135,3286125,1589447,4132,936641,246303,399116,38664
10,4989781,65620,3110834,1499809,4078,772947,351472,368156,38664
11,5262262,80645,3390501,1446760,5744,834776,355568,247995,38664
12,4676483,65270,2873663,1420763,3312,660382,342781,411703,38664
13,4681262,65398,3137655,1167490,4142,696207,270028,194610,38664
14,4771551,59274,3024945,1404695,4177,760883,271700,364923,38664
15,5099958,89739,3234313,1448459,4601,824025,353117,264205,38664
16,4529078,74687,2708261,1443317,3885,675434,267304,494410,38664
17,4772388,76589,2892807,1494958,4191,703380,276399,508157,38664
18,4686942,71726,3113673,1196518,4660,763808,187566,237808,38664
19,4731362,66560,3144368,1215148,4570,762844,205201,239938,38664
20,4751542,79803,3197841,1193989,4425,778347,178634,229600,38664
21,4946662,64804,3316374,1274873,5006,854293,198385,214252,38664
22,4785303,65292,3175099,1251579,5112,763922,197882,281161,38664
23,4965195,68625,3319299,1275343,4792,801070,188827,277026,38664
24,5426737,75084,3604853,1392332,5544,841526,248660,292763,38664
25,5653687,81482,3447450,1649132,5045,875792,354618,410422,38664
26,5780902,78095,3750739,1625519,28142,851971,321025,421055,38664
27,6731545,92702,4627654,1636083,10004,898143,438044,286367,38664
28,5167484,75856,3298508,1397138,6190,866713,269092,251531,38664
29,6323350,101822,4478674,1367339,4521,822575,247094,289938,38664
30,5418027,83308,3395164,1630213,5293,807436,377605,436392,38664
31,5467034,72061,3210904,1860301,4289,849056,479908,524163,38664
32,6304559,78064,4197293,1689657,4631,882683,321235,477615,38664
33,6431902,84601,4219740,1763497,4453,1070122,288200,396427,38664
34,6332318,82716,4184795,1733965,4570,893409,524880,307695,38664
35,6160987,107058,4287920,1419837,8921,828894,260453,316960,38664
36,5785873,106543,3770091,1505949,5791,773092,344084,379325,38664
37,6296287,107111,4387303,1430673,6130,794293,261610,363987,38664
38,5907527,108314,3443800,1880825,5117,998549,380182,493106,38664
39,6542076,93188,4299057,1724720,6380,959916,387460,367308,38664
40,5561974,94918,3674895,1404175,5147,820239,320895,255076,38664
41,5286907,79764,3341920,1516697,5412,773348,473942,261052,38664
42,6212886,82340,4115128,1659267,4751,899025,300836,451072,38664
43,5513859,90804,3451236,1633310,5322,782195,369383,473321,38664
44,6284952,77960,4224940,1630502,5496,946117,401840,273003,38664
45,6032643,77829,3877261,1602606,6499,765931,386548,438697,38664
46,4618137,64691,2937397,1342508,4393,637241,319063,379077,38664
47,4704658,75000,3143421,1169024,5038,779780,201514,179923,38664
48,5312711,63945,3199176,1690256,4649,871911,396696,412815,38664
49,6451885,86463,4345974,1654370,6264,760709,427179,455678,38664
50,5675825,82236,3812876,1393544,5795,832609,314848,237050,38664
51,5030240,84245,3179300,1459838,4525,751662,407555,292837,38664
52,4988547,95917,3103815,1438184,6439,773070,213104,441696,38664
53,4365501,68487,2928625,1096113,4716,655251,215013,218916,38664
54,4407584,57577,2856290,1199032,3645,648091,331556,213472,38664
55,4179584,56872,2677468,1201987,2945,624732,287469,285112,38664
56,4299602,46262,2632852,1403233,3291,813621,263396,320402,38664
57,5134579,88479,3478093,1193331,4773,719169,245439,220743,38664
58,6229014,63547,3997779,1872145,6997,918359,434675,507610,38664
59,5543898,72207,3764022,1406687,4252,783541,323914,291838,38664
60,4266181,74146,2785907,1081965,4544,701964,181924,190830,38664
61,4204795,61193,2769910,1107133,4643,677248,225205,197496,38664
62,4291246,57434,2815121,1166502,4514,772458,193622,193353,38664
63,6014701,88989,3953080,1589545,5316,1011151,263101,305624,38664
64,5248083,78049,3351874,1462297,5318,852573,319135,282521,38664
65,5652292,67411,3699010,1573967,5071,921032,276017,367545,38664
66,6325250,84917,4319560,1534808,7393,906951,303742,311604,38664
67,6394305,88609,4175474,1732953,5942,910429,327799,484924,38664
68,6368399,85713,4218053,1658791,4657,1062910,297098,290443,38664
69,5522330,122700,3361221,1519303,5040,629455,458313,423148,38664
70,4543132,62879,2913884,1301406,3765,706341,302602,286639,38664
71,4678640,54766,3042219,1340553,3199,755884,226764,351972,38664
72,6235439,54136,4136113,1648648,31731,936457,346803,329717,38664
73,6198058,90062,4150949,1612582,8871,896113,245237,458853,38664
74,6064658,77848,4234408,1421844,7906,913402,244928,250949,38664
75,6579983,106694,4545273,1499994,5288,893178,235689,361547,38664
76,6647621,98297,4250989,1950477,6083,919412,465934,554649,38664
77,6174753,83082,3721997,2004825,8407,1289218,330452,372691,38664
78,6386547,94734,4306045,1562281,5294,903363,266423,382816,38664
79,6097306,83296,4176654,1498187,4774,893785,254938,341609,38664
80,6209638,74302,4173363,1640133,4818,880990,277608,473481,38664
81,5931468,95301,4096124,1425168,3893,893167,232157,293519,38664
82,6143253,106169,4181694,1546869,4069,895059,289297,354641,38664
83,5810013,85357,3892407,1452217,6274,764199,279610,397717,38664
84,6080782,77632,3539354,1972447,6132,1094243,452464,415197,38664
85,5813724,86341,3798030,1515738,5044,866595,293031,347294,38664
86,7241341,89395,4738925,1895610,18915,994887,386378,490797,38664
87,5751731,83110,3554524,1735670,5108,1151403,325528,250327,38664
88,7131828,76277,4802499,1856943,6365,944424,341559,559528,38664
89,6853981,102324,4553451,1787053,5871,1007471,396941,372500,38664
90,6777380,95767,4858103,1403711,5897,831981,263790,298424,38664
91,5525415,77927,3509287,1590327,4427,802587,530889,249535,38664
92,5222546,72944,3458571,1362476,4674,840814,253645,260645,38664
93,5111428,66511,3343293,1370507,4078,760114,273935,329877,38664
94,5370183,114432,3449275,1397667,5004,759598,306735,322708,38664
95,5119409,81216,3227988,1429159,4692,757034,348791,315934,38664
96,5359073,68376,3632492,1344389,4644,753755,235414,347010,38664
97,5228471,107542,3313398,1361450,6477,812202,294411,243868,38664
98,5561753,74459,3155052,1989349,4568,1133519,394062,454200,38664
99,5680348,91299,3753815,1456283,4676,766690,267461,414054,38664
100,6459880,97711,4305975,1652281,5558,894339,354297,393771,38664
101,6416476,87869,4467528,1487051,5706,918088,327769,231008,38664
102,7089979,97058,4779111,1725579,14023,1004588,296911,405237,38664
103,5317585,77337,3496306,1402795,6078,749587,368575,275539,38664
104,6482865,113070,4277650,1590063,5780,1021611,215704,342194,38664
105,5363131,82531,3415568,1525439,6346,947528,281107,287151,38664
106,5138978,103867,3406691,1240298,5184,807408,200315,224230,38664
107,4969335,68048,3223188,1377437,4371,872437,208888,289317,38664
108,5056283,57887,3284679,1438442,4309,863286,239138,328840,38664
109,6497221,61384,4005483,2113437,6540,1267046,369655,465677,38664
110,6632928,89090,4488290,1690499,5573,945077,332455,403219,38664
111,6068225,106882,4023828,1458118,5808,862323,235545,350470,38664
112,5114875,98838,3314265,1332898,4043,788161,243746,293693,38664
113,4861156,69604,3232314,1209171,4770,800094,197607,203912,38664
114,5616085,63019,3480301,1784487,24521,762980,341760,651795,38664
115,5039948,90138,3222587,1382344,7024,757856,298251,316729,38664
116,6188614,80366,4176247,1577535,4761,924090,257674,387383,38664
117,6255845,80461,4211017,1587136,5653,906249,336907,333967,38664
118,4936839,77400,3240707,1303571,4332,794997,255566,245828,38664
119,4719092,68703,3195063,1153748,4079,782456,155222,209829,38664
120,5126823,59792,3088555,1697032,3217,758537,279107,653345,38664
121,5932137,74980,4009410,1526479,5151,855145,273972,388692,38664
122,5118125,104619,3360939,1315102,5057,756263,227254,322839,38664
123,7155089,81901,4335122,2386651,6811,1315541,611848,447752,38664
124,6134038,77504,4206157,1504844,5236,881348,343372,271719,38664
125,5573814,79725,3505239,1664869,4573,860563,330393,466063,38664
126,5322342,82601,3373735,1528415,23820,760254,279893,461052,38664
127,6120705,82779,4023917,1661391,5540,869465,349167,433307,38664
128,8013066,88885,4571358,2944029,7790,914647,1520307,495974,38664
129,4864897,74329,2926762,1553863,4927,744336,374964,426838,38664
130,5132774,62819,3371537,1415365,4187,760648,462818,184983,38664
131,5162291,71656,3255027,1394819,5330,867172,283748,235524,38664
132,4376924,65060,2807269,1206050,4552,681813,273394,243983,38664
133,4430438,53717,2759079,1371536,3875,762844,225934,375162,38664
134,4349090,62983,2725215,1257829,4211,633368,301775,315663,38664
135,4496559,58428,2790207,1392010,5386,639878,361065,382163,38664
136,4520974,77153,2797491,1373109,3947,691017,240677,434826,38664
137,6021641,83489,4029202,1593872,5197,889909,313172,381989,38664
138,6585198,85362,4252460,1891439,5513,901670,445920,533734,38664
139,5607260,87085,3705981,1440251,5154,763057,361031,307895,38664
140,6221575,82526,4146045,1661628,5509,907980,280964,462703,38664
141,6400795,90286,4248111,1660813,5383,913606,307722,429745,38664
142,5722248,81575,3462780,1832075,6065,750188,422335,649571,38664
143,5669414,73803,3726091,1560079,4656,794829,265331,491445,38664
144,4859609,85255,3057942,1408624,4921,749190,274930,376289,38664
145,4503598,72517,3037752,1081866,4128,625493,225926,223742,38664
146,4019922,59356,2658236,1049206,3709,709911,149699,183564,38664
147,4324596,61439,2855231,1152065,4065,768812,176370,200090,38664
148,4712529,76233,3085715,1281338,3857,864120,200960,209482,38664
149,4804730,65949,3243799,1190046,4932,740783,225142,216078,38664
150,4009252,62056,2693688,974267,3328,624525,137509,206227,38664
151,6043147,71064,3916278,1717760,5286,932898,307384,467449,38664
152,6350108,82321,4130436,1800590,4265,911403,422848,458347,38664
153,5772076,116098,3764030,1548659,5085,955941,236921,347131,38664
154,6534928,82753,4384229,1705497,6585,896731,370277,427523,38664
155,6289253,90319,4102709,1695230,5425,895369,279842,511225,38664
156,6529278,81620,4369748,1739372,5463,920004,396445,413167,38664
157,6215668,92010,4168253,1571259,5265,891873,336100,334126,38664
158,6448161,83011,4257173,1774450,4354,964065,304953,497091,38664
159,5547142,76662,3421256,1707526,5116,922613,343096,433417,38664
160,6381769,89919,4272457,1657768,30044,904540,339698,379338,38664
161,5638073,86248,3683527,1529573,9136,794738,259965,462176,38664
162,5450026,72234,3377765,1663054,5875,752398,339217,561998,38664
163,6258260,86751,3795505,1970995,5725,750881,261571,948683,38664
164,6069686,88996,3909133,1697950,6215,891437,252919,543210,38664
165,5990216,101840,4051597,1398571,6376,872077,247322,268554,38664
166,4965351,68992,3108359,1474077,3553,831010,277790,358348,38664
167,6797471,92598,4528776,1807283,5044,943707,320277,533842,38664
168,5734683,89935,3733658,1537494,6242,845639,313369,368554,38664
169,6958385,87978,4440194,2036980,5640,1027087,519039,480362,38664
170,6919598,90254,4471729,1925334,5945,1017651,414691,482240,38664
171,6310501,91694,4101502,1682748,4747,936559,341280,396523,38664
172,6068901,75545,4081952,1585036,5364,901833,285842,389147,38664
173,6441180,89180,4457621,1536166,4665,880283,336170,310597,38664
174,6145448,99630,4268137,1453223,4545,920920,306731,218037,38664
175,5150905,69629,3404653,1331694,5557,777167,316716,229374,38664
176,5067075,69580,3267555,1422626,5124,915933,255316,243545,38664
177,5370411,65213,3166154,1836513,3972,1003900,305092,520740,38664
178,6630071,87531,4404162,1806270,5529,914005,310293,571743,38664
179,6663389,139324,4539526,1523466,5303,891709,247722,374474,38664
180,5415261,74839,3368069,1621565,4678,864466,481147,267859,38664
181,6094845,84002,4123650,1487634,6554,799129,311230,366347,38664
182,5599565,79225,3553882,1636104,5240,930049,359582,338006,38664
183,5489850,80189,3567234,1466071,5029,831944,265454,361000,38664
184,6226569,84907,4310168,1462990,5879,905765,331782,215813,38664
185,5790940,81229,3521788,1820790,5052,861210,387304,564388,38664
186,5543741,99621,3644419,1466278,4583,844901,277349,335953,38664
187,6005659,77085,3681379,1831226,6045,1112090,281784,426899,38664
188,6738762,114529,4596267,1631324,5912,843407,365854,412475,38664
189,6847246,95538,4595021,1747993,6302,978145,321719,436961,38664
190,6953665,96985,4823541,1599899,5971,908998,331764,348862,38664
191,5340916,88615,3362836,1518244,5976,793142,339410,375791,38664
192,6743737,81155,4712309,1593697,5200,993103,278732,312522,38664
193,6053611,79827,4162238,1488599,5603,808672,225087,445641,38664
194,7091400,103169,4690313,1859618,5674,1019656,326940,502792,38664
195,6656002,86489,4533141,1660271,5409,1054630,344316,252175,38664
196,4899549,72666,3271411,1242920,4253,787711,232656,215346,38664
197,6766338,86704,3865967,2404902,7313,1418573,609200,365148,38664
198,6236533,101980,4257169,1438679,5520,870100,247525,312005,38664
199,5531072,79168,3520094,1550501,4498,966618,287037,288609,38664
200,5465230,74387,3555808,1491054,5325,917868,264986,299532,38664
201,4884400,83247,3273932,1133211,5494,698495,197985,228667,38664
202,4102987,60486,2766857,998279,18109,648454,148575,180093,38664
203,4233156,55931,2731985,1180819,7262,764120,195857,211273,38664
204,4709510,59908,3187817,1184885,3837,757610,173917,246956,38664
205,5047698,70548,3346729,1297177,4103,762182,234874,293074,38664
206,6208469,88883,4319262,1445448,5816,833655,280627,320971,38664
207,5445323,81555,3595411,1415650,5023,963666,200464,243879,38664
208,4618644,72319,3045578,1187050,4628,716560,237389,225657,38664
209,4519816,100906,2982467,1149426,4390,733823,162464,245713,38664
210,4648799,61211,3116138,1200835,3826,759845,203023,231615,38664
211,4936080,65461,3164646,1391841,4084,800017,307713,276737,38664
212,4975261,64081,3110754,1490123,4057,770624,338716,373781,38664
213,4719575,60539,3107796,1271841,4081,777299,229111,258937,38664
214,4492205,70368,2963053,1185316,3840,804738,158870,215507,38664
215,4414324,63329,2972722,1100367,3369,717523,179494,197964,38664
216,4100879,55538,2833793,968072,3673,643219,144405,174288,38664
217,4152841,62653,2771715,1077331,3703,703651,178071,189650,38664
218,4644637,66790,3034617,1263515,4427,749570,187368,319413,38664
219,5251910,64289,3551732,1334576,5101,749068,286208,290629,38664
220,6571718,91173,4256529,1812614,5370,908464,310072,584286,38664
221,5477706,84580,3746479,1253886,6627,792600,214663,236338,38664
222,5071663,71309,3329882,1331063,4715,813723,240417,269230,38664
223,5467104,82583,3664066,1352553,5468,834823,230378,278705,38664
224,5218104,71585,3563298,1253403,4494,795828,203612,246846,38664
225,4718461,89373,3090312,1251073,4662,762225,246446,235459,38664
226,4173064,62325,2650431,1158379,3398,719826,200661,231904,38664
227,4561295,61894,3078389,1166604,3817,726103,186638,247367,38664
228,4029033,50599,2675087,1074615,4319,680764,169839,217288,38664
229,4381277,56860,2835853,1228735,3085,734187,211487,277585,38664
230,6213312,70599,4101320,1717806,5541,913644,278540,516461,38664
231,5108202,83557,3280421,1353690,4619,781409,308037,256929,38664
232,6473140,81499,4150200,1838626,5685,1011488,312388,505380,38664
233,6041186,74926,3971757,1685604,4598,913058,383523,380752,38664
234,6114707,96890,4173201,1504211,5041,895084,381814,218515,38664
235,6545988,82203,4295195,1659831,6628,909118,342026,396951,38664
236,5332796,79085,3456379,1427267,6657,839637,244638,332058,38664
237,4900944,76821,3201671,1273226,4520,773508,257793,235231,38664
238,4979717,54837,3165562,1494785,4511,893330,280837,313532,38664
239,5448842,84819,3391703,1681417,5559,792488,322012,557857,38664
240,6417926,83243,4250069,1714922,5544,896212,288988,519977,38664
241,6497477,107440,4217700,1823608,5772,915588,414786,483467,38664
242,6521783,94112,4459870,1568897,5378,913696,296993,348299,38664
243,6100849,82001,4091431,1572682,4468,893259,322006,349393,38664
244,6453191,80954,4317330,1698838,5534,916647,347435,424850,38664
245,6916587,98876,4479650,1931200,5901,966111,354600,600212,38664
246,6221990,83740,4168964,1627407,5094,898939,364715,354312,38664
247,5409704,78167,3437634,1555817,5334,974011,259696,313223,38664
248,6477333,86928,4387194,1622234,5655,981350,292490,339327,38664
249,6716111,83919,4587780,1692119,28248,962022,262421,434888,38664
250,6958507,108881,4791922,1608475,11981,899998,306244,385570,38664
251,7129976,104418,4579494,2036979,5451,1015054,497650,514234,38664
252,6962382,92231,4644971,1861174,5184,1001169,276318,574451,38664
253,5189393,78929,3387196,1397132,4590,749976,305339,333971,38664
254,7371087,104503,4399568,2393614,5872,1458003,413998,511630,38664
255,5882451,70934,3799821,1679351,6843,938010,515632,214729,38664
256,5390009,81026,3338298,1608500,4447,887622,225085,488220,38664
257,6503121,90943,4344865,1699030,5365,916216,299187,474252,38664
258,7344981,124734,4734351,1979695,6529,1399358,301686,268143,38664
259,7156817,101927,4890518,1719926,5782,967528,231426,510180,38664
260,5311575,82012,3414278,1475499,6676,797733,359927,307288,38664
261,6012417,88566,4146977,1373797,5847,773212,278027,312202,38664
262,5277859,91238,3541030,1246299,5276,796936,190341,250602,38664
263,5062106,71789,3409524,1254693,5126,754140,248759,243674,38664
264,5076932,72440,3345420,1305439,4782,775761,244172,277174,38664
265,5056901,74082,3415471,1238913,4627,799372,197276,234543,38664
266,5478312,69033,3499468,1597702,5139,1092268,233485,263151,38664
267,5183327,76121,3425752,1296259,5144,850390,185056,252207,38664
268,5250198,70270,3470728,1402715,5636,795671,379738,217662,38664
269,6891264,74975,4249837,2142376,6422,1336530,323152,471441,38664
270,6463857,103110,4429553,1531855,5530,928271,245214,348671,38664
271,6322314,107629,3896169,1847519,6837,1159728,388789,287474,38664
272,7363783,117264,4552581,2202332,7551,1490714,331536,368226,38664
273,6845853,101336,4445028,1818105,7751,1314340,230054,261425,38664
274,7235274,115706,4458284,2155107,7492,1401000,317698,424013,38664
275,7351487,170817,4629302,2032056,7196,1098552,446698,475269,38664
276,6893620,90475,4374072,2050381,7029,1297782,467856,272970,38664
277,7058642,115312,4426600,2040531,6225,1276445,315135,438389,38664
278,5749521,82156,3740146,1597478,5475,947310,287069,354217,38664
279,8853098,95150,6865155,1507389,5198,895318,287771,314709,38664
280,6335933,81967,4172793,1714982,4548,898067,306221,502240,38664
281,6489225,94463,4578265,1433885,6825,816938,280350,324998,38664
282,5674127,76345,3770485,1471785,4188,735854,345171,383123,38664
283,5782442,77285,4001906,1371424,5865,728910,321274,311275,38664
284,6628373,80821,4290932,1900555,6689,957874,305972,625143,38664
285,7016362,116345,4558405,1843874,7694,1205342,271409,354527,38664
286,5585291,79947,3277222,1889134,5416,1277934,257114,344092,38664
287,6572465,84555,4309981,1765251,5610,954843,326765,473597,38664
288,5818332,92252,4130366,1227044,4735,829462,208724,180947,38664
289,6732345,97727,4375324,1823681,30572,1230654,249806,309311,38664
290,6622120,117167,4102415,1912649,10794,1289689,275134,333167,38664
291,6767184,114079,4259124,1948440,6102,1294310,261940,382698,38664
292,6960367,102251,4492534,1920291,6105,1280275,274417,355850,38664
293,6703656,101401,4026529,2127292,5445,1210815,565042,342716,38664
294,6237857,94763,4106925,1606896,6545,854521,278794,463004,38664
295,6495645,98143,4106835,1848366,6971,1134135,301110,402599,38664
296,5678337,92035,3554330,1617453,5869,1085141,243743,279282,38664
297,6021214,105032,3798686,1724035,5303,1178847,226459,310468,38664
298,6591536,104822,4529135,1528241,5577,916326,302057,300191,38664
299,6958431,106291,4402260,2010888,6889,1229380,286121,484584,38664
300,7057874,113053,4335295,2146892,7016,1150613,605397,379811,38664
301,6211173,93963,3900757,1805723,5489,1163553,304934,328475,38664
302,6639189,122228,4218380,1875635,6150,1258431,269377,338119,38664
303,6620513,103014,4316378,1741448,5463,904432,297280,530594,38664
304,6463354,90571,4333283,1656216,5104,924824,272656,449151,38664
305,6532660,118049,4290021,1666336,5995,1026196,337282,292706,38664
306,6615279,110424,4186411,1867687,6089,1336194,226869,295382,38664
307,6597970,93925,4153674,1906737,5589,1283798,263033,349938,38664
308,5991013,107419,3686487,1776950,5499,909574,335714,521645,38664
309,6342245,83266,4257879,1636286,5303,892048,309115,425642,38664
310,6752058,93602,4274432,1965985,5654,907519,330006,717637,38664
311,6156100,102121,4144809,1541170,6013,898140,296179,335928,38664
312,5840397,87723,3626249,1735035,6170,814864,378044,532085,38664
313,6237355,109887,4130083,1652110,5177,913727,406120,322976,38664
314,6487376,82481,4156151,1738716,11398,895310,271107,556995,38664
315,6684247,106667,4382731,1729998,7058,1173453,250507,295753,38664
316,6656562,102038,4294130,1841979,4031,1148839,423530,262382,38664
317,6593173,101278,4197590,1866318,6038,1252942,296686,306678,38664
318,6646079,103324,4506532,1603434,4709,866118,250933,478256,38664
319,6503213,107140,4043908,1872588,6172,1260185,250146,352696,38664
320,6713800,114283,4327946,1790703,7080,1227383,266992,284296,38664
321,6912371,105506,4323446,2028438,6418,1250381,367575,400316,38664
322,6196304,86662,4303944,1454964,5525,819462,316197,309575,38664
323,7026081,113224,4291594,2177081,7237,1291791,358476,514676,38664
324,7179584,114174,4345684,2225656,6933,1240762,360861,612699,38664
325,6685968,93412,4185874,1992906,7691,926279,534437,519353,38664
326,5741831,133650,3754598,1489541,4288,748053,259763,473941,38664
327,6299731,88378,3935484,1875234,5948,1386162,237346,242790,38664
328,6727604,106756,4284062,1915745,28995,1262022,303210,314965,38664
329,5795850,93845,3606315,1641313,10568,1142098,208901,276918,38664
330,5893228,87803,3628214,1801134,6263,1127787,320351,342805,38664
331,4311297,70576,2839927,1095770,4447,717057,174237,197593,38664
332,4398667,59102,2917307,1161718,5766,809468,148096,195397,38664
333,4747563,76246,3143193,1233668,4928,758131,197121,270090,38664
334,6801824,106522,4279197,1954716,6454,1310019,345390,288909,38664
335,5481054,118528,3636429,1267410,6520,879085,172625,205996,38664
336,5374783,79971,3604316,1369021,5226,802735,313086,243851,38664
337,5381235,84471,3655335,1290631,7572,807788,233233,237544,38664
338,5342485,68926,3313379,1640762,4663,852120,314260,466937,38664
339,6199067,67309,4206732,1615489,5543,900008,313419,392025,38664
340,5228426,80528,3366496,1400796,6440,832355,250904,308301,38664
341,7041493,71177,3364570,3260269,4781,783399,409130,2059565,38664
342,6343338,79549,4388468,1520115,6028,747744,389052,372358,38664
343,6151654,104190,3800654,1827048,7517,955268,387961,472153,38664
344,5342735,76362,3517048,1438575,4400,757736,273115,399975,38664
345,4759674,75901,3006233,1350434,6629,789501,300248,251097,38664
346,5176626,68354,3217380,1586595,6212,779221,367748,429304,38664
347,5582120,96999,3710523,1380554,6666,848189,236123,285030,38664
348,6156773,98441,3799986,1869824,6161,1293008,297261,269420,38664
349,6510655,117598,4204702,1732897,6365,1170342,296245,256210,38664
350,5697314,104231,3689652,1477402,4680,710496,338500,420404,38664
351,5010153,84647,3185349,1381461,5579,766542,374433,231940,38664
352,4747183,70082,3023820,1326433,4574,765099,307898,245874,38664
353,5578977,72356,3255862,1939389,4849,759871,753317,418508,38664
354,5821832,95635,3481261,1833076,5815,782609,628929,411679,38664
355,6012053,87544,4110314,1471307,4111,890056,287146,286734,38664
356,6208668,79158,4061527,1739690,4231,978467,317408,435991,38664
357,6198254,83707,4139450,1619688,5288,893050,340461,376527,38664
358,6400224,119963,4188658,1752332,4737,895373,541082,307564,38664
359,5464326,88969,3732753,1309840,5656,771941,250158,278733,38664
360,5855383,80210,3980176,1451335,5475,930251,218608,293227,38664
361,5839318,88278,3638598,1682659,6218,967862,213429,491528,38664
362,5398075,74731,3443722,1549730,5395,962799,277834,300311,38664
363,5112231,77602,3380781,1259330,5579,770396,198571,281362,38664
364,5200780,80092,3307538,1443851,5460,861615,241677,332113,38664
365,5681085,75317,3831100,1431298,6306,946757,225555,248647,38664
366,5264057,97090,3456104,1329364,6553,849674,205100,263810,38664
367,4998353,73573,3366687,1233174,5023,778243,204748,241809,38664
368,6265159,62477,4139074,1773893,4896,890034,362519,511747,38664
369,5686380,126931,3793501,1279195,5734,787452,206227,276343,38664
370,5079143,70128,3225585,1424480,4410,830665,231856,354633,38664
371,6645485,108857,4233229,1854607,5407,884026,397346,563110,38664
372,6591560,115533,4291891,1706064,28931,1183950,229829,260178,38664
373,4951782,75001,3287985,1269370,7990,775263,257423,226183,38664
374,5200852,62649,3309282,1509855,5023,924286,252590,324831,38664
375,5450240,75305,3547481,1484256,5333,902807,269576,303135,38664
376,5992528,85936,3861268,1694710,6422,930825,382099,364453,38664
377,5514065,74060,3531818,1562010,5344,835387,264244,453314,38664
378,5428351,139915,3403520,1423065,5967,762617,267478,383205,38664
379,4947992,70002,3190823,1370752,4593,814921,219471,328680,38664
380,5735233,87478,3984560,1354326,5350,852115,228870,264505,38664
381,5318899,75729,3342814,1549179,4928,814416,273215,453353,38664
382,4917736,73642,3268648,1262050,4703,762990,312131,179338,38664
383,6064713,72996,3930243,1735899,6588,1052929,423598,248276,38664
384,5634038,100270,3563910,1544311,6218,826426,302150,405408,38664
385,5178357,75257,3408236,1369401,5715,777342,262771,320195,38664
386,5440449,69787,3722788,1335814,5348,822615,224588,279193,38664
387,5763118,106942,3852345,1347590,5705,774528,247619,315873,38664
388,5130394,75389,3352715,1374576,5581,735356,232853,397279,38664
389,6476343,89713,4336537,1684640,5643,903556,349670,421178,38664
390,5276534,83667,3576134,1277006,5543,769368,228170,270644,38664
391,6173467,66124,3957584,1847002,5327,895773,322238,619365,38664
392,5578412,81341,3415234,1450003,5765,719438,339128,380862,38664
393,5206520,78222,3252809,1542667,5173,784157,350054,399901,38664
394,6229490,110858,4241800,1481015,5555,765126,270170,436236,38664
395,6592032,76301,4685296,1454594,5720,896788,273640,273982,38664
396,5120507,78071,3477177,1227751,5075,761243,217198,240645,38664
397,5445278,107866,3325807,1699183,5020,820148,433246,437551,38664
398,5428977,111738,3657402,1207192,6176,767904,216931,212670,38664
399,4762588,70247,3133766,1244650,3796,764042,251817,222610,38664
400,6401811,159716,4221469,1593777,5543,896340,356355,331135,38664
401,5257803,101775,3402420,1329882,6460,816487,235756,267550,38664
402,5240451,75579,3396733,1391545,4470,837291,245425,301344,38664
403,5375657,76986,3310507,1660328,4716,1114991,248516,289044,38664
404,6235925,97105,4244522,1455615,7066,800755,266374,377447,38664
405,5081512,78126,3235179,1366785,6099,810608,256157,289789,38664
406,4983104,74582,3324298,1257282,4968,764851,193075,291180,38664
407,6248354,73534,4170141,1669138,6019,983441,466950,208482,38664
408,4926139,77549,3282207,1246009,4997,767452,239692,230971,38664
409,4933232,65324,3384238,1187479,4901,779145,184345,216199,38664
410,6113091,69091,4080978,1645935,5854,1010389,324964,301195,38664
411,4950843,76512,3253321,1300917,4527,751535,233968,308576,38664
412,4761627,61382,3196678,1212560,6065,769449,204105,230187,38664
413,6244179,66515,3972976,1899783,5804,1161057,338655,390612,38664
414,5014224,75138,3322224,1291774,4408,762044,254688,267874,38664
415,5118114,69713,3240273,1500307,4313,1034150,262073,197256,38664
416,5849477,73566,3745409,1677851,5854,1211352,229124,227561,38664
417,6332912,110047,4373721,1397602,8126,878316,231803,275929,38664
418,5040772,100085,3349802,1191694,23666,761855,166936,235376,38664
419,5263469,66708,3509892,1358320,24273,751543,274172,304339,38664
420,6815026,103777,4337575,1938236,6138,1372248,267960,287947,38664
421,6718704,113561,4385244,1758709,6242,995387,283832,468171,38664
422,7244156,114251,4605911,2034272,5499,1267795,362074,394056,38664
423,6314588,84141,4452211,1428670,5634,923682,250603,244753,38664
424,5774160,95040,3722592,1614125,5592,1042737,277735,283612,38664
425,5280678,114319,3510822,1230545,5329,787426,198594,236102,38664
426,4689358,69405,3110463,1186653,4242,750212,212616,216900,38664
427,5078100,80881,3435973,1232347,7510,780095,192184,249097,38664
428,5572709,67173,3765752,1435007,4585,845322,280895,301092,38664
429,5397269,70002,3500194,1509560,5148,750025,357742,393080,38664
430,5204964,73083,3333704,1448167,5308,889514,247970,302118,38664
431,5211201,80698,3438243,1311267,5534,848032,216467,237984,38664
432,5238944,89916,3300481,1499707,5583,858565,329940,302352,38664
433,5386191,74182,3292985,1670644,4560,856606,299280,506537,38664
434,5377290,73333,3591097,1355052,6151,807668,262621,275032,38664
435,5756642,99072,3480335,1844846,6426,937114,292694,604791,38664
436,6390114,81957,4203842,1662545,5801,919500,376017,356022,38664
437,6608081,139543,4055301,1899912,6457,1196276,301191,392059,38664
438,6137624,120858,3886624,1680196,6115,1104539,244586,321428,38664
439,6050599,114405,3821061,1643085,7392,1031237,324556,275648,38664
440,5600457,98572,3727849,1374742,5331,716511,252555,396616,38664
441,7059737,113882,4333460,1968256,6019,884914,420321,651899,38664
442,7463885,109198,4875421,2030753,8349,1409897,286003,320749,38664
443,5803874,130159,3748294,1435083,6042,818733,228243,378793,38664
444,5161331,69462,3109544,1696302,5189,1049397,318022,319990,38664
445,8652467,126012,5162997,2884947,5551,1750700,293533,830445,38664
446,5619335,100481,3518333,1612019,5345,1015437,278543,308328,38664
447,8145367,108775,4325205,3217728,7957,891996,1769042,543876,38664
448,5220365,108611,3363564,1316485,6833,749108,253022,303881,38664
449,5532966,95068,3606579,1477526,4847,658315,316039,494572,38664
450,6279109,109980,4127303,1585374,5070,814965,340608,420763,38664
451,5807758,93452,3910331,1460259,4698,887433,262924,301258,38664
452,7846296,77548,3714272,3722745,5562,828123,522876,2361685,38664
453,4994960,78992,3131000,1439076,4652,917922,240456,273113,38664
454,5386234,85970,3434334,1432838,6725,827763,253434,341282,38664
455,5575693,76295,3519330,1629437,5463,967979,302761,328173,38664
456,5572260,99658,3616625,1443796,6253,778041,271723,383565,38664
457,5135290,86778,3378337,1331067,5331,764777,259425,297612,38664
458,6812623,103297,4552708,1706503,6125,905993,299402,489965,38664
459,5015051,96803,3255016,1325573,5264,759475,323882,233747,38664
460,5008290,93719,3312221,1252980,24849,796979,174508,252728,38664
461,5960776,88362,4086518,1445033,9893,944916,243757,242820,38664
462,4990927,74595,3225072,1324494,4601,841195,242366,233797,38664
463,6119055,82687,4249795,1415005,5074,903415,245316,257398,38664
464,5871932,69476,3982793,1476643,5735,853358,238870,374159,38664
465,4873596,77067,3238157,1213316,4901,760445,212558,233378,38664
466,5643560,63992,3810685,1437574,5657,801898,279397,346891,38664
467,6144887,136497,3684516,1885440,6076,1136741,334661,402614,38664
468,6017305,144878,3774006,1559534,5566,910714,342326,296847,38664
469,5596459,123361,3251904,1888446,5481,901887,232076,744997,38664
470,6618600,88777,4486901,1444202,5855,899880,282079,252037,38664
471,5141770,81976,3301940,1387008,5425,757964,352413,267884,38664
472,5779271,81142,3676701,1668797,5872,1007345,279694,372029,38664
473,5251017,104347,3420666,1330284,5453,741844,222805,356860,38664
474,5273651,65898,3592342,1279862,5462,760618,249139,261548,38664
475,5489322,72680,3566509,1466334,5257,833241,263581,360933,38664
476,4999470,76021,3305633,1293226,7311,870333,191871,220213,38664
477,5001842,74089,3347793,1259581,4596,780850,217508,253862,38664
478,4951898,66562,3123334,1460612,4240,786346,332338,334342,38664
479,7383982,110991,4869067,1942451,6865,1224946,353668,352679,38664
480,6913281,125618,4256248,2079965,6172,1229334,250636,590042,38664
481,6633663,101923,4182729,1926228,5693,1229475,407743,278971,38664
482,6104589,120660,3848127,1677207,5734,900065,282708,484734,38664
483,5240143,87848,3468685,1316506,5623,809871,271118,226512,38664
484,5822642,117774,3692913,1613728,6432,944190,333431,325731,38664
485,5228771,76620,3267993,1543747,4809,797454,352839,385396,38664
486,4943415,74118,3272541,1241218,4145,738195,274629,221622,38664
487,5850686,86814,3715073,1736861,5512,1150257,293064,284140,38664
488,5406746,133893,3452841,1376308,5054,767323,220981,379617,38664
489,4978907,74136,3237455,1340862,4678,874127,200959,258482,38664
490,6717709,64467,4772565,1564323,7373,1030999,293411,228019,38664
491,5175996,85188,3205437,1532816,4539,819660,294926,410448,38664
492,4996988,72573,3288136,1286405,5159,831461,198338,247784,38664
493,5751730,94302,3709448,1598841,5450,967699,292812,328957,38664
494,6374940,92663,4268019,1475484,5636,898272,279534,287843,38664
495,5689691,113439,3746498,1360431,5305,768078,176924,406453,38664
496,6374002,83453,4252047,1591825,5880,894726,465835,221065,38664
497,5351805,90265,3622949,1275902,6454,768838,266077,231322,38664
498,4955633,77173,3263204,1250456,4657,822632,210362,210036,38664
499,6681419,102404,4475528,1730751,5696,901072,358755,460534,38664
500,6343969,88982,4263349,1636213,5081,918209,425105,283979,38664
501,5287525,76064,3290856,1562597,5000,861408,366537,327062,38664
502,5439275,68814,3329446,1726715,6641,860491,594049,261743,38664
503,5875010,72188,3951525,1528537,5491,852017,301765,365727,38664
504,7076624,128681,4744448,1755085,21926,1035059,232188,462164,38664
505,5178799,110639,3388570,1338970,9653,837305,229001,259915,38664
506,5186929,78168,3258162,1484620,4788,786935,236690,452695,38664
507,6042283,84930,4042125,1556821,5205,994551,256921,295370,38664
508,5167699,100218,3263453,1458752,5486,802333,230528,416617,38664
509,5880712,91845,4184627,1280996,4974,912794,157909,201074,38664
510,6489248,72836,4186252,1901766,5730,900692,450592,539896,38664
511,6046148,100829,4038086,1517460,5566,811312,320878,376158,38664
512,6488387,88995,4207477,1786065,5921,1010118,317544,448172,38664
513,6883552,96191,4586637,1792234,6233,968554,243211,569315,38664
514,6499960,118762,4256162,1734879,5097,927257,289415,509039,38664
515,5912494,76940,4009973,1460197,5607,936055,223607,290915,38664
516,5061902,77323,3355838,1277421,5610,771958,235690,260672,38664
517,5220852,71853,3222666,1595937,4052,1047387,228582,313212,38664
518,5888004,73959,3610989,1883610,6217,1260319,257570,355365,38664
519,5190082,77227,3227069,1560861,5624,858418,238411,453889,38664
520,6790532,119442,4402298,1823633,5513,869116,311296,633103,38664
521,5634354,76941,3512101,1652186,6402,836483,431534,373201,38664
522,5423732,81802,3616473,1263719,5980,782619,231469,240251,38664
523,5306299,92098,3465144,1400379,4380,873657,300800,218659,38664
524,5120692,71219,3438313,1300199,5124,784024,229825,278225,38664
525,5442648,71648,3475332,1541687,6094,799407,326318,406230,38664
526,6548561,90218,4474487,1593710,5290,923057,358161,303641,38664
527,6362731,85276,4355370,1530881,5985,948401,282830,288766,38664
528,5257317,80245,3288543,1555322,4731,837336,351498,358499,38664
529,6493983,87225,4560742,1495301,5576,908284,307100,269285,38664
530,6932292,114718,4400700,1919175,7692,1103167,410847,392818,38664
531,6521704,89313,4387013,1669800,5517,894872,361429,403881,38664
532,6297855,124059,4293882,1500962,5628,921448,293293,276060,38664
533,5307650,77383,3341812,1534217,5569,765360,357916,401958,38664
534,4874540,76595,3262138,1177522,5462,700503,232256,236173,38664
535,4572364,61081,2997146,1248004,4322,719602,213325,308505,38664
536,5086783,104370,3098801,1576516,4810,785310,386796,395913,38664
537,5065435,77557,3216120,1413530,5210,776597,291989,336515,38664
538,5527752,90809,3457361,1591910,5744,809970,257609,514454,38664
539,6404279,96981,4350733,1557544,5747,1020517,294976,231771,38664
540,5534905,78579,3312167,1755465,7037,756971,437202,550530,38664
541,6036892,83925,4040460,1570440,4836,760863,336268,464879,38664
542,5154895,119815,3050498,1503159,5647,650789,415932,427152,38664
543,5953341,78006,3924076,1571249,5816,740579,443657,376886,38664
544,4608153,77172,2707332,1526400,5359,860817,191827,465161,38664
545,6136608,92515,3928070,1723582,5471,1223171,226904,265316,38664
546,5124972,86897,3343441,1318675,4873,755774,321805,232390,38664
547,4988154,87494,3245021,1298961,4870,779279,263499,248539,38664
548,5963016,101802,3680404,1775622,43518,1029647,527882,170401,38664
549,5260691,82258,3337263,1477690,11474,916258,291611,255297,38664
550,5177106,74973,3349323,1340050,5537,816657,228734,285778,38664
551,5734500,88094,4290990,1041252,5166,694648,158863,179025,38664
552,4710479,68860,2907296,1428626,4473,700123,224437,497423,38664
553,5254586,68642,3302651,1506096,4657,833452,226604,437954,38664
554,6152268,91978,4192540,1459646,6280,722004,237102,490513,38664
555,5996127,95493,4039133,1451139,5449,756683,324894,360452,38664
556,5611594,119332,3620533,1542299,5609,848846,276939,406766,38664
557,6526696,95747,4363012,1663412,6398,959473,327040,366351,38664
558,6092605,88569,4154065,1493458,4713,884408,306333,294735,38664
559,5922030,81372,3440284,1923350,5958,1217495,371829,324658,38664
560,6448878,83766,4371851,1649305,5104,928293,293363,418308,38664
561,11394758,105925,4329163,6590262,5193,1078252,363196,5139137,38664
562,7921463,98216,4409519,3023264,6683,901536,295929,1814272,38664
563,6686546,139964,4300900,1777913,6268,1289553,222184,256846,38664
564,6589069,100694,4234683,1823967,6003,1294520,225488,294124,38664
565,6788625,101470,4127461,2116717,6070,1283628,336741,486417,38664
566,6944781,110544,4383486,1992566,6069,1261524,318977,401348,38664
567,6838442,104587,4234767,2033386,6192,1257333,294983,471115,38664
568,6493198,116538,4207909,1733738,5859,1190077,290529,243913,38664
569,6482447,97949,4121505,1849823,4629,1260298,255081,326613,38664
570,6494353,100891,4126151,1861610,5281,1273890,326993,252034,38664
571,6537296,98543,4200140,1819965,5460,1269274,247150,294815,38664
572,6356500,108151,4162878,1658975,5242,1152858,216056,281803,38664
573,6514465,104121,4168579,1842429,5185,1269438,245825,318577,38664
574,6541685,130717,4249452,1742729,6128,1165803,257757,309207,38664
575,6785753,88653,4147743,2102910,5547,899052,804550,389754,38664
576,6381999,165045,4054945,1686662,5269,932627,352590,392000,38664
577,5887858,99007,3912412,1435102,4675,826075,241677,359031,38664
578,6566733,102888,4680667,1364784,4544,897403,233919,225460,38664
579,5974924,150041,4036277,1334514,5146,899834,206285,219523,38664
580,4800897,68715,3286647,1141345,4093,733147,206826,194456,38664
581,6442043,99912,4063091,1853893,6273,1179292,255182,408811,38664
582,6559845,113398,4254252,1735031,5596,1193791,269568,262483,38664
583,4895057,93217,3129520,1349525,4453,783217,255599,303687,38664
584,5054463,106810,3145961,1370932,4176,815755,216629,331165,38664
585,4982022,72061,3289690,1279336,4508,773954,214754,283658,38664
586,5063701,56793,3014159,1690788,5148,1139393,247083,296138,38664
587,6450219,91522,4057644,1909556,6032,1133343,240825,526126,38664
588,6336941,67576,4246760,1699063,26562,1163664,219694,286042,38664
589,6356523,101056,4049344,1792592,10548,1168957,250945,357994,38664
590,5123779,69751,3244645,1502556,5391,979326,218661,295447,38664
591,4892057,70236,3029990,1449711,10238,744296,251286,440455,38664
592,5703844,69714,3618526,1720901,5198,1107708,280446,323639,38664
593,6573230,103026,4301221,1728624,6497,1297513,249018,171837,38664
594,7182683,126757,4893707,1694445,6224,1124249,252893,306994,38664
595,6359181,115739,4396690,1380321,4892,837206,247176,287477,38664
596,5444778,81720,3419243,1630025,7445,971735,320473,325907,38664
597,7322247,123158,4432145,2256765,7052,1495679,300324,449090,38664
598,5142358,82212,3202958,1519853,5247,829132,281042,401215,38664
599,5425333,91101,3663010,1323525,5720,898739,189038,226074,38664
600,5070283,93442,3171954,1443324,5086,823096,306899,305509,38664
601,5912806,102599,3748524,1617408,6140,995498,287747,323984,38664
602,5615468,100444,3714944,1422330,5524,940620,263242,208388,38664
603,6756556,109585,4623820,1560319,5662,901835,377065,271816,38664
604,5532968,106848,3630281,1444247,6213,961196,210895,262095,38664
605,5150818,118376,3523052,1210258,5383,768751,191572,240721,38664
606,5218172,73799,3449466,1273466,5197,765132,236463,263586,38664
607,5444580,71659,3394399,1656404,6002,1048270,267680,331536,38664
608,5482861,123032,3692100,1329336,5448,875762,204663,239460,38664
609,5065474,100587,3357584,1249443,5601,783344,196129,261206,38664
610,5942047,69755,3798877,1755986,6361,1009446,255264,481610,38664
611,5352534,80980,3525955,1338882,5963,761775,261210,306979,38664
612,5225817,70479,3279341,1544996,5826,892463,271841,372079,38664
613,5836000,68758,3345137,2076240,5613,852660,254416,959521,38664
614,6689124,113535,4509232,1581309,6178,777443,287456,506206,38664
615,5745323,77447,3579951,1756885,12059,993604,562753,185199,38664
616,6722382,77077,4752889,1555180,5881,1004351,265138,275120,38664
617,5396659,93723,3492077,1461388,5425,858430,293560,300730,38664
618,6418433,93408,4415820,1422975,5898,913161,262017,237774,38664
619,6992164,113619,4434351,1948365,7196,1270209,336739,328879,38664
620,6091782,113446,4100298,1391482,5610,763322,249899,368281,38664
621,6793157,108659,4255243,1967213,6204,1302349,290199,365184,38664
622,6017697,96121,4054867,1369811,5118,862489,249020,249424,38664
623,5454675,100168,3567036,1401754,5349,773598,302400,317371,38664
624,6268283,73732,3724120,2095162,6511,1279785,344579,460206,38664
625,5590194,96243,3301420,1765142,5450,755475,429118,571644,38664
626,8157237,73274,6201482,1561114,5657,930311,260567,360593,38664
627,5592598,75861,3386693,1806074,5107,790117,365260,642069,38664
628,6527936,109899,4441902,1538586,5458,923962,352042,253487,38664
629,5735800,103761,3410607,1875789,4998,982848,328113,556810,38664
630,5106596,75058,3335547,1337298,20371,781541,255537,276232,38664
631,5431267,123539,3593401,1374262,9424,786553,258076,316945,38664
632,5139448,69302,3346064,1413418,4681,839835,243329,322093,38664
633,5008799,71807,3387406,1211848,10126,680329,244664,273850,38664
634,4805826,72971,3059167,1364809,4948,768286,329949,258940,38664
635,5379523,71344,3671784,1317770,5922,756204,274967,277543,38664
636,5516717,105951,3533449,1493274,5571,768956,317879,396844,38664
637,4458425,72204,2839533,1250535,4491,635682,349018,258732,38664
638,4126382,64058,2737661,1062162,3640,648157,214350,193632,38664
639,4870021,79980,2796167,1730467,4748,701160,401294,620266,38664
640,4309754,61541,2779986,1185246,4453,687910,284335,206379,38664
641,4652598,56611,3063291,1262562,3762,757332,257401,241778,38664
642,4539017,57767,2970351,1234916,2837,779348,188910,261318,38664
643,6349755,93677,4346718,1500857,5297,778626,307927,405102,38664
644,4549019,75735,2902471,1244511,5014,739201,225025,273062,38664
645,4294444,59037,2973867,981841,4528,643127,151682,179810,38664
646,4994415,58012,3203428,1464515,4539,766528,352719,337765,38664
647,5102935,68926,3431033,1301107,4797,778889,275610,239018,38664
648,5261148,66592,3449224,1435274,5753,829635,267863,328985,38664
649,5348400,72042,3410756,1502351,4666,885542,264499,344117,38664
650,5053937,78540,3363722,1240965,5140,768708,279940,184399,38664
651,5229934,67786,3393742,1451355,6384,846754,323276,271182,38664
652,4806093,65901,2973980,1464815,5433,1005508,217674,233075,38664
653,5717378,99429,3900680,1328194,4978,819278,250305,249909,38664
654,5172858,67629,3145151,1673929,4790,825398,310097,530378,38664
655,6160677,85855,4195856,1518022,4892,884554,270555,354263,38664
656,5114744,127495,3423427,1144085,5378,642058,291463,202264,38664
657,4460166,66080,2991892,1076091,4378,625060,251167,193054,38664
658,4269464,66204,2715874,1208610,3694,624081,229628,348918,38664
659,4873674,54637,3316884,1256751,4749,743326,299443,206456,38664
660,5004847,64844,3383670,1275700,4081,684378,324511,259999,38664
661,4975226,100271,3271429,1187140,5171,674221,288565,215553,38664
662,4355731,60959,2775526,1255607,3652,730334,209451,309833,38664
663,5140403,67891,3436454,1263988,5779,764717,222534,267787,38664
664,5252957,71547,3311127,1524381,5304,886727,281440,347526,38664
665,5448948,80355,3651674,1391671,5113,796865,204731,381310,38664
666,5350216,101163,3536669,1363106,5495,832793,231536,289116,38664
667,5521366,114533,3472466,1473776,5204,858198,338250,268615,38664
668,6133756,104750,4134937,1546559,5259,895198,343058,299185,38664
669,5600600,73696,3499362,1657792,5511,825141,287749,536674,38664
670,5244267,73380,3260479,1583421,5112,902681,319966,353026,38664
671,5713743,71946,3529476,1738243,5286,956479,311567,460379,38664
672,5986576,83320,4281882,1297465,5199,907363,193655,188213,38664
673,6625656,160121,4248895,1882733,5013,934830,422623,516096,38664
674,6433511,91776,4519429,1466578,5406,920510,284040,252492,38664
675,5915275,88615,3668705,1826612,5512,899957,488827,257877,38664
676,6265597,106677,4271499,1462459,5356,901492,281553,270409,38664
677,5516707,77528,3606850,1441809,5245,763225,301629,367886,38664
678,4999849,73038,3297157,1302617,22191,762463,252342,262199,38664
679,5356194,69000,3240233,1718469,9605,1036829,352589,316021,38664
680,5459822,73241,3653879,1395753,4945,889737,245953,251953,38664
681,6630633,72907,4253042,1969888,5446,903324,309645,746936,38664
682,5163100,74998,3356085,1375469,5665,844535,223456,298474,38664
683,5472566,72563,3835102,1250724,4995,759564,214028,268715,38664
684,5184259,72695,3218313,1492789,4684,889444,271853,323925,38664
685,5372788,96403,3411515,1536497,4583,763434,380944,383817,38664
686,6332381,84596,4269536,1631481,4587,885134,361312,376401,38664
687,5226800,118724,3248699,1545732,4651,784799,285759,467208,38664
688,7487525,80837,4102249,2950470,5022,898092,1514602,528653,38664
689,6732921,129558,4416978,1721621,5375,903908,290715,517165,38664
690,5221861,75531,3405105,1409078,4968,749588,324099,327161,38664
691,5956962,70965,3938871,1638680,5391,907684,292600,428537,38664
692,9886429,128174,4739120,4556351,5167,907207,313275,3325918,38664
693,6885168,121596,4161761,2138875,7217,1224324,363593,539555,38664
694,6156795,103142,4293100,1289195,4677,927810,175283,178390,38664
695,5530455,72229,3302903,1846517,4531,1024747,293958,520463,38664
696,5232043,68976,3155407,1711596,3956,903122,384066,417840,38664
697,4991476,70701,3199690,1418050,5133,780994,231189,397378,38664
698,6270053,87103,4173915,1659819,5390,899695,430615,319971,38664
699,6353091,93638,4349798,1474862,5182,911599,268763,285723,38664
700,6318931,86793,4217385,1592009,4413,894079,265620,424553,38664
701,6460941,92322,4324375,1663456,5345,894111,258307,501409,38664
702,6656649,110793,4605856,1442816,5312,916842,304857,211724,38664
703,5187201,74997,3470660,1323837,4737,800803,283954,231714,38664
704,5566577,67271,3644426,1523380,5633,797828,392630,322740,38664
705,6128683,89332,4337720,1334110,5794,934283,190007,199917,38664
706,5531373,143541,3553081,1485708,4750,763555,305867,407983,38664
707,5152492,73318,3179566,1551561,4794,859439,227347,456726,38664
708,6280139,99098,4504738,1333725,6461,816686,278810,227260,38664
709,5032534,73633,3328636,1309315,5211,756969,319692,223946,38664
710,5864642,76340,3645397,1747657,5095,764199,270274,704278,38664
711,5249004,80138,3382023,1274326,5933,836964,208538,220029,38664
712,4871490,65776,3158937,1320730,3833,806659,297792,210299,38664
713,4906386,67597,3124009,1464066,3016,749728,214417,494312,38664
714,6379583,82206,4216174,1710044,5189,970911,300934,429406,38664
715,5983564,88491,3876814,1640431,5293,750742,384592,495734,38664
716,4253658,65071,2770094,1143684,4707,626409,275106,234983,38664
717,4730109,61524,3133269,1260823,5466,761178,216163,274544,38664
718,4975425,73299,3352459,1224962,4593,767579,199278,250562,38664
719,4730842,67343,3161223,1212221,4256,764850,210598,230102,38664
720,5002790,65213,3308548,1316044,4882,818228,223639,266000,38664
721,5644310,78004,3523115,1689554,6157,1019206,352118,308456,38664
722,5795834,129957,4043639,1281309,24465,625646,370479,257211,38664
723,4780161,64442,2894830,1548613,7090,777674,375474,385535,38664
724,4594506,78483,2963424,1246734,4479,691321,297657,250357,38664
725,5998887,73331,4128415,1479725,4413,896215,302633,273419,38664
726,6241126,81819,4184838,1595652,6402,923323,364918,295486,38664
727,4287448,79367,2783806,1120343,4131,692322,195320,226024,38664
728,4536585,62561,2976426,1214092,4578,727218,224396,254735,38664
729,4315859,63878,2728577,1259835,4673,667461,269225,316030,38664
730,5832557,82494,3768713,1628903,5046,901894,289019,429037,38664
731,6425914,87016,4134198,1865376,4753,1073641,326285,457063,38664
732,5745525,84111,3694904,1577505,6739,924810,313871,327924,38664
733,5827076,95054,3645195,1681474,6220,945988,510793,214652,38664
734,5323064,83267,3389465,1490460,5027,876777,377583,227372,38664
735,5318469,90432,3334266,1529103,5121,847876,308184,364566,38664
736,5817370,90006,3835958,1498226,5296,914831,304411,269483,38664
737,5252426,82173,3388748,1403545,5599,813800,272993,307809,38664
738,5079458,72750,3220503,1473223,4136,765169,305255,395801,38664
739,6526130,81451,4236956,1872627,5236,892167,516185,454995,38664
740,5598332,81298,3548246,1613416,4637,819801,355171,430468,38664
741,6046716,80318,4040451,1604846,4201,898556,299057,399815,38664
742,6623861,105441,4198263,1953333,5892,917307,408000,617775,38664
743,6335667,88893,4201774,1697173,5101,892182,350666,445547,38664
744,6289946,103883,4291738,1538128,5604,958546,346534,223101,38664
745,4868883,80980,3177506,1255475,5073,756655,215702,275867,38664
746,5080109,55308,3138380,1611113,4239,844888,263216,496305,38664
747,5701548,68946,3528469,1762847,5570,1082162,333517,338167,38664
748,5471828,109571,3492867,1373191,5745,755361,253969,354833,38664
749,4856742,65110,3114269,1378608,3300,803266,233844,335524,38664
750,6482428,102148,4438869,1511378,5286,884325,290866,326648,38664
751,6316927,112956,4083037,1659847,5254,922622,298973,428783,38664
752,6658721,90090,4327756,1787922,5354,921033,355746,501855,38664
753,6813495,111957,4385515,1939708,5217,942431,597694,390078,38664
754,6373299,99377,4325475,1566403,5286,1001827,274336,281502,38664
755,6308565,84480,4245413,1606354,4692,908591,315062,374629,38664
756,6702389,76093,4525843,1754515,6477,985034,320438,436969,38664
757,5613391,106994,3737749,1336279,5691,883518,212533,231535,38664
758,5553137,68933,3449401,1713743,4652,923516,353945,427998,38664
759,5386935,83725,3385969,1479681,6023,752215,345873,372618,38664
760,4998763,63080,3100594,1537108,4366,747489,406554,375852,38664
761,6189743,88055,4072067,1707556,5659,898588,338356,460236,38664
762,5975344,109420,3721701,1677361,5454,769364,426850,472334,38664
763,4873693,87581,3297687,1146626,4674,764192,187242,187668,38664
764,4940919,80769,3266858,1254064,5443,773758,232532,239109,38664
765,4926699,81384,3273725,1252852,4491,759421,258189,228114,38664
766,4943727,77724,3286320,1299597,5408,841173,217196,232743,38664
767,5617622,94540,3267730,1931998,18303,1113489,279418,517753,38664
768,5288147,73082,3283687,1607326,10208,770753,258433,564608,38664
769,4891853,126998,3099285,1326501,4415,625468,356880,337276,38664
770,5487936,75086,3698368,1397685,4774,776762,328442,284185,38664
771,5919765,74955,3968365,1553148,5029,910052,314530,320337,38664
772,6482949,78226,4434676,1631129,4471,816212,314637,493159,38664
773,6198603,79323,4089689,1708361,5544,803064,466341,428596,38664
774,6344389,87985,4109231,1603961,5393,892998,324067,377050,38664
775,6792386,87460,4426974,1911185,6585,981554,481287,436941,38664
776,6612906,83324,4217303,1972754,5199,899773,355735,707788,38664
777,5151994,80522,3280777,1408403,5245,852714,317743,229469,38664
778,5171874,72214,3315578,1395181,6216,910001,210234,265084,38664
779,5549994,87937,3451091,1649124,5405,959420,300190,380880,38664
780,4777939,77724,3124206,1273888,5551,808172,236008,221023,38664
781,4644262,86072,3135859,1030385,4358,625174,141477,256051,38664
782,6524100,108952,4124117,1843112,7308,1270548,279555,281145,38664
783,6338203,96824,4195080,1498281,5591,912095,258579,317844,38664
784,5315076,77099,3368164,1522451,4734,815369,305908,392910,38664
785,6171442,103571,4011943,1599521,6687,966596,346151,276084,38664
786,5181996,82060,3322547,1439276,4767,784822,300574,346897,38664
787,5468326,67958,3337744,1745130,5660,938607,375606,421166,38664
788,6779310,112214,4680522,1526978,5546,918332,218722,380068,38664
789,6094708,90264,4164917,1462091,5330,899759,290224,263429,38664
790,5842990,76926,4000929,1437810,4860,902117,255833,270784,38664
791,5132854,71759,3392492,1346264,6209,769637,300395,266500,38664
792,6103073,71481,3973159,1741564,4890,997213,298733,436629,38664
793,6251074,83767,4242812,1573659,5369,885851,334461,344388,38664
794,5335658,113335,3468296,1426439,4767,779600,314637,323962,38664
795,5075796,73988,3239987,1450755,4527,815867,206778,420392,38664
796,6511982,84024,4219908,1881444,5220,905663,465401,500847,38664
797,6569707,117655,4378506,1575805,4837,903635,278116,385756,38664
798,6223468,84688,4068566,1734612,6506,896296,274646,552101,38664
799,7601075,125016,5628080,1425670,5758,850866,256261,308391,38664
800,5124952,77133,3406325,1294371,5295,785908,265088,234910,38664
801,5946231,76337,3943481,1588722,5622,995472,247351,335365,38664
802,5838454,109864,3618708,1667331,5719,944663,256920,456867,38664
803,5927956,75322,3522304,1987980,5625,1144968,300582,533536,38664
804,5593630,84298,3666468,1516458,5738,879425,298507,329496,38664
805,6865737,112243,4255900,2006919,6455,1244743,289273,462021,38664
806,6355326,86842,4266965,1616610,5324,913680,267072,426027,38664
807,6798992,109361,4469835,1765629,7215,1192874,260604,300801,38664
808,7117041,117226,4485169,2019355,6453,1240778,306849,460492,38664
809,7419832,88892,4334171,2571396,55785,881447,388171,1241304,38664
810,5590550,78641,3590133,1578472,55132,910901,255237,352033,38664
811,6154430,85882,4237955,1475805,5209,896488,267314,302253,38664
812,6842546,110210,4318869,1971268,6912,1196646,340973,422836,38664
813,6638305,104729,4256666,1806235,6408,1164664,275797,355392,38664
814,5732703,79874,3436380,1859748,6056,1189404,266981,392845,38664
815,7071483,111568,4369489,2096935,6776,1219502,408249,457867,38664
816,6186631,85798,4114375,1626121,4983,837213,314722,465573,38664
817,6194315,80720,4064466,1703134,4249,858429,325244,511607,38664
818,6094552,86955,4197811,1462610,5906,759563,320528,372314,38664
819,5859860,96386,3727401,1636712,7337,1026414,230618,368465,38664
820,5563625,85476,3722169,1382889,5442,757192,388452,228160,38664
821,5927210,68775,3693304,1836300,4909,1186643,301823,339623,38664
822,5339257,71430,3351432,1481268,5258,798146,255375,418946,38664
823,6094748,86415,4088995,1568299,5648,918922,311201,327818,38664
824,6031034,154340,4089981,1325209,6365,798759,275393,240415,38664
825,5895156,96707,3862670,1551166,4881,889513,335837,317022,38664
826,5862113,114722,3916517,1393675,4618,816346,224269,344566,38664
827,5453176,76450,3786396,1273705,5300,814420,204132,246101,38664
828,6166271,96169,3488072,2182117,6368,1175830,346338,648607,38664
829,6703915,115349,4508289,1584838,6312,1149599,224310,200801,38664
830,5795879,103562,3933014,1328093,4651,735622,339369,245051,38664
831,5553284,75109,3560665,1462635,4663,748501,331189,374716,38664
832,5851911,79766,3859935,1502412,4843,867664,284896,341083,38664
833,6176034,108636,4124785,1488351,5520,878158,288963,311062,38664
834,5496815,94799,3568802,1467708,6239,955689,244184,257139,38664
835,5159535,109925,3372294,1305003,5722,823719,204973,267206,38664
836,4906650,68393,3289494,1194227,6386,779680,188895,216397,38664
837,5252139,83818,3345402,1461402,6388,984507,217022,249907,38664
838,4811703,80348,3119725,1327010,4790,759701,234750,324594,38664
839,4916380,83582,3026991,1392474,4408,726265,263457,395494,38664
840,5361256,62058,3530177,1452248,7503,846758,305933,287338,38664
841,4650752,67072,3158471,1129374,5249,712721,184084,224465,38664
842,4604212,64025,3011086,1220176,3876,797667,188761,227388,38664
843,4628685,67709,3043172,1245136,4098,765053,206686,266148,38664
844,6880618,105814,4332460,1987800,6086,1224595,330060,422885,38664
845,6996432,106154,4386481,2068843,6676,1251724,297966,508095,38664
846,9237626,111359,6756237,1891441,7338,1265225,302321,312249,38664
847,6977024,107729,4408129,1994347,6791,1312820,336055,333851,38664
848,7256202,134415,4441902,2194844,7338,1483202,279506,420382,38664
849,6677329,117012,4407631,1657664,5392,900406,278610,468736,38664
850,6713452,122758,4637292,1502401,5390,894646,257592,340291,38664
851,6587667,105737,4486325,1539141,36360,899497,272932,326376,38664
852,6212036,84531,4087086,1687822,8989,904986,310774,459479,38664
853,6093338,81904,4155526,1513616,5032,894375,299934,310280,38664
854,6551546,114375,4514539,1450827,5400,897880,306423,237305,38664
855,6194963,82236,4102061,1646384,5123,911355,288965,436405,38664
856,5774640,98963,3947931,1376732,5534,872196,231338,264184,38664
857,5747579,86694,3778175,1516202,6462,863416,248267,393604,38664
858,6920202,119742,4432846,1872047,6949,1248861,294675,317905,38664
859,6870497,124833,4508433,1721524,7258,1170923,271974,267275,38664
860,6966019,132204,4322804,2012408,8178,1250008,333482,416364,38664
861,6970574,135085,4481756,1872484,6646,1212959,315299,333344,38664
862,7211526,138553,4239777,2372438,6884,1229080,782875,348901,38664
863,7183638,111304,4605440,1962957,17870,1271883,281205,387953,38664
864,6754389,115540,4492742,1683098,5666,902445,291046,478649,38664
865,5344615,96853,3605597,1239120,5188,696642,209411,325146,38664
866,5069081,66656,3193024,1469518,4784,783746,289915,387665,38664
867,5293554,85892,3276304,1581510,5379,813570,384415,374223,38664
868,6260869,104784,4080097,1635300,5718,1133224,243568,248820,38664
869,6212306,100958,4011279,1641727,6491,1084064,246654,299597,38664
870,6146247,96449,3847549,1793854,6797,1042154,348385,392297,38664
871,6251686,92950,4242575,1469671,5475,816383,337352,305982,38664
872,6629245,100879,4132599,1932123,6697,1266623,309522,344648,38664
873,6779670,110968,4604910,1596475,5394,994959,250094,340951,38664
874,6811306,111144,4276024,1934267,6916,1236496,352426,334484,38664
875,5636024,96191,3948822,1187588,5600,772643,184493,221775,38664
876,5030998,89954,3044803,1545446,5480,955791,238907,341624,38664
877,6071450,81731,4077982,1524764,6322,946174,291732,275822,38664
878,6042617,101457,3814914,1691422,7037,1101906,280922,297932,38664
879,5890145,101482,3673924,1632838,7105,1096809,238864,285724,38664
880,6087261,100650,3633732,1936485,6559,1163029,485570,277155,38664
881,6363833,110105,4028427,1760831,6337,1132682,284420,333722,38664
882,6532589,104457,3884552,2120941,6018,1052924,831130,226926,38664
883,7046268,96822,5140986,1405604,6168,903270,283914,208173,38664
884,6331714,92376,4518193,1343833,5446,889517,262266,182789,38664
885,6245941,81470,4331238,1494216,6002,808369,296168,379942,38664
886,4712767,71972,2992162,1328619,6308,713438,273392,332726,38664
887,5034553,89845,3113842,1470501,4717,803929,416524,242311,38664
888,5709486,66768,3503965,1804865,6368,1047048,329463,417566,38664
889,6334218,109177,4232895,1529298,5394,896817,278546,344023,38664
890,5132415,76523,3318975,1415930,5478,763140,264443,378535,38664
891,6767709,105516,4153549,2041996,7046,1291028,474121,264407,38664
892,6831188,135650,4415899,1794732,27295,1251459,253564,259059,38664
893,6791476,111179,4381446,1843042,9241,899933,477142,453141,38664
894,6123662,82934,4163752,1529085,4785,898680,296918,324662,38664
895,6817133,112892,4299300,1945140,6727,1280057,281818,372059,38664
896,6543471,105590,4579647,1412006,5566,883862,249233,269130,38664
897,6632826,95355,4287898,1842537,5709,912226,326312,593860,38664
898,6057103,146854,3909269,1517411,6558,927587,268110,311845,38664
899,6862361,117551,4410481,1917492,5938,1233678,293538,380561,38664
900,5660563,79645,3718583,1517307,5300,1032826,234936,241291,38664
901,6488232,70406,4116395,1975526,6616,1240589,431237,293199,38664
902,7335453,111559,5061636,1698660,7253,962675,268714,455798,38664
903,5126310,70169,3258428,1491445,4675,962937,251029,269889,38664
904,6660497,103615,4229694,1881884,17154,1276677,268107,315698,38664
905,6039301,93561,4175418,1362216,5679,885052,220669,247090,38664
906,5805079,91163,3761536,1585353,6124,875704,363478,336302,38664
907,7393414,103902,5251052,1599850,5623,849829,254985,485562,38664
908,5880524,109954,3723594,1584906,6774,1108933,277122,187266,38664
909,6641893,98639,4603872,1524662,5385,757407,357103,400459,38664
910,5710954,114377,3633832,1455842,6383,847262,264403,333462,38664
911,6287155,110348,4264502,1536423,5765,904246,289711,332276,38664
912,7033435,120155,4431061,1971144,6880,1255518,331522,373082,38664
913,6625789,128496,4399160,1579478,5460,883727,389940,295576,38664
914,6544060,110904,4210251,1864350,5803,1059974,341647,451943,38664
915,6508209,117965,4466704,1429342,6544,814251,319309,284142,38664
916,7444149,74206,3667081,3236880,6638,891009,298008,2036004,38664
917,6105727,85287,4071975,1594838,6602,912622,284881,386365,38664
918,6216383,84842,3769553,2007024,6568,1241535,389684,364403,38664
919,6180563,124546,4045050,1642162,7568,1010101,380604,239097,38664
920,5005012,67657,3118091,1439572,6335,865297,241519,322624,38664
921,4695411,65501,3006823,1318082,4715,642990,281892,384961,38664
922,4847240,67021,3039894,1416061,5966,755094,266420,378469,38664
923,6304549,137452,4340612,1377579,5578,882469,220029,265199,38664
924,5123463,76553,3362038,1303835,4839,799229,232127,264754,38664
925,6140723,80528,3717923,1977604,6523,1271065,287322,408114,38664
926,7096928,112950,4537417,1972322,13183,1187714,454238,312211,38664
927,6524569,114575,4266126,1657883,6917,1040310,255045,350835,38664
928,5892935,97970,3886048,1484267,5896,1022606,211287,240754,38664
929,6533762,107260,4121184,1843483,7126,1231464,310424,289590,38664
930,6946850,111592,4378700,1986980,6755,1221616,297873,457001,38664
931,6853083,127688,4368799,1831936,9040,1129143,336775,352170,38664
932,6111608,106912,3719774,1864440,32826,1049367,305080,472889,38664
933,5293347,89493,3328591,1519998,9082,941843,284662,280794,38664
934,5279694,89997,3340413,1465437,6027,691702,284843,478308,38664
935,6359787,82218,4198512,1742367,4922,897147,347724,488442,38664
936,6060025,121442,4164867,1328667,5768,850788,224695,243857,38664
937,5072879,73726,3279074,1393878,4936,765389,250088,369764,38664
938,5373880,110202,3607378,1324972,5762,763222,228573,323271,38664
939,6077405,82624,4192354,1494701,5396,887980,231660,365297,38664
940,5207767,101584,3293981,1469185,4806,847260,373683,240402,38664
941,5258895,74879,3264384,1595937,5044,814745,362474,411007,38664
942,6289023,91746,4220407,1635959,6754,1001542,262139,361389,38664
943,5087723,75793,3405469,1277503,4686,764949,230466,274353,38664
944,5555132,70492,3652846,1520357,5194,902032,252229,357613,38664
945,7228705,99006,4786062,1909571,6778,1312348,266462,319302,38664
946,5047324,77882,3295912,1304912,4713,809394,217932,269811,38664
947,5194710,75733,3303260,1466157,4775,843099,255007,360083,38664
948,5491571,102510,3687429,1296938,5890,769538,227495,290577,38664
949,5236983,77699,3346424,1469378,5417,806799,298975,355225,38664
950,5479436,97432,3464227,1542065,5499,897769,272802,362279,38664
951,6326276,92163,4022368,1869442,7170,1242589,301508,312832,38664
952,6851734,109669,4378209,1868072,7160,1234260,296212,326222,38664
953,6633297,114132,4409052,1627971,5856,922963,337864,356720,38664
954,6232473,122207,4197576,1551415,5693,842341,281407,418582,38664
955,6844357,84175,4282448,2105057,6307,910334,367174,815947,38664
956,7084865,93052,5012670,1584735,5991,984810,247962,340940,38664
957,5596345,84755,3768387,1368782,5533,764030,261731,333902,38664
958,5446191,73248,3379439,1673668,5019,775621,306427,583298,38664
959,5552564,80320,3769705,1303092,5899,760060,258808,274557,38664
960,5393622,66549,3373518,1654105,5449,926655,357890,360888,38664
961,7060079,129534,4593749,1848523,6354,1179848,281458,377539,38664
962,6834921,97443,4506300,1796147,5212,896925,318679,570637,38664
963,6488676,109912,4339941,1566874,5160,896825,297334,363291,38664
964,6311124,90302,4268589,1591922,6336,899417,347027,334702,38664
965,6862361,121535,4426141,1811020,6224,1172103,307716,321697,38664
966,6921168,110581,4279500,2039289,6187,1261872,293591,473442,38664
967,6917916,112109,4390098,1946808,6302,1241759,371715,323431,38664
968,6421977,113072,4373660,1461597,5427,895572,253108,303261,38664
969,5493395,73007,3516051,1584079,6816,937806,322305,313586,38664
970,5176757,89876,3300844,1434810,4715,801665,297322,327820,38664
971,5436523,67750,3372127,1659194,6685,892624,271809,483418,38664
972,5950638,98074,4085957,1435872,5774,773974,405414,246996,38664
973,5340984,79575,3538500,1381511,6810,756978,282065,331484,38664
974,6281287,113376,4015453,1673328,30114,868169,405457,364553,38664
975,7044944,122292,4492356,1871863,14174,1233954,266100,352725,38664
976,7077523,106842,4673489,1812664,5718,800470,240298,761927,38664
977,6531597,92246,4402457,1659554,5378,890902,354190,404474,38664
978,6884030,106617,4463229,1814314,5641,920786,428615,454899,38664
979,6892743,113049,4517977,1797331,6114,928812,347574,509668,38664
980,7133182,122310,4502372,2018885,7078,1223882,285183,497938,38664
981,6782736,119499,4482755,1704642,5903,930079,347105,416798,38664
982,6753067,104662,4456895,1747196,5771,827522,608329,301223,38664
983,6481751,132435,3770772,2102246,5578,782111,315878,994671,38664
984,6400509,84386,3899765,2029993,6065,1331780,275223,412704,38664
985,7038137,122234,4448471,2006381,7228,1279042,328062,387390,38664
986,5780696,116888,3770089,1433721,5953,876309,247837,299604,38664
987,6258721,103744,3863137,1942944,6550,1208349,297982,425804,38664
988,6003622,109087,3864678,1499914,7659,955030,281842,250846,38664
989,4744869,70629,3261861,1115049,5210,625966,258410,222165,38664
990,5799667,80995,3296713,2113508,6623,1481164,323322,298286,38664
991,5337797,65794,3326828,1651276,5990,783011,416519,441510,38664
992,6976200,110755,4322594,2060100,5359,908538,761647,379302,38664
993,6626831,93966,4399593,1598004,6065,816303,284043,487856,38664
994,6226922,111910,4130852,1513493,16127,736654,318423,438249,38664
995,5968702,87462,3957470,1582799,6370,895559,412550,261721,38664
996,5202493,69362,3316478,1428690,6887,907146,225559,284553,38664
997,5662228,103725,3742054,1462328,18529,791587,247363,400617,38664
998,6897089,119660,4486254,1844886,5109,927702,429291,478261,38664
999,6477856,94191,4239375,1774611,5403,920157,342192,502948,38664
1000,6632563,89776,4523808,1633784,7392,915949,346693,358597,38664
